,JOB_URL,MISSION,TITLE,SKILLS,DATE,DURATION,TJM,EXPERIENCE,REMOTE,LOCATION
0,https://www.free-work.com/fr/tech-it/directeur-artistique/job-mission/ux-ui-designer-183,Mission freelance,UX/UI Designer,"['Design system', 'Figma']",Dès que possible,8 mois,450-550 €⁄j,5 à 10 ans d’expérience,Télétravail 100%,"Paris, France"
1,https://www.free-work.com/fr/tech-it/consultant-erp-ms-dynamics-oracle-sage-sap/job-mission/consultant-sap-abap-s-4-pi-po-scpi-100-remote-5,Mission freelance,Consultant SAP ABAP S/4 PI/PO SCPI 100% Remote,['SAP'],Dès que possible,6 mois,350-400 €⁄j,5 à 10 ans d’expérience,Télétravail 100%,"Montpellier, Occitanie"
2,https://www.free-work.com/fr/tech-it/administrateur-systeme-linux/job-mission/elk-senior-consultant-logboard-stack-management-opentelemetry-linux-remote-working-h-f,Mission freelance,"ELK Senior Consultant: Logboard, Stack Management, OpenTelemetry, Linux, Remote Working (h/f)",[],20/04/2025,12 mois,650-750 €⁄j,5 à 10 ans d’expérience,Télétravail 100%,"Paris, Île-de-France"
3,https://www.free-work.com/fr/tech-it/consultant-microsoft-sharepoint-365/job-mission/technical-architect-lead-infrastructure-team-management-remote-working-h-f,Mission freelance,"Lead Architect: Initiative and Team Leadership, Microsoft, Azure, Office 365 Remote Working (h/f)",[],05/05/2025,9 mois,750-850 €⁄j,> 10 ans d’expérience,Télétravail 100%,"Paris, Île-de-France"
4,https://www.free-work.com/fr/tech-it/developpeur-autre-langage-cobol-perl-vba-ruby-shell/job-mission/developpeur-rust-full-remote-2,Mission freelance,Développeur Rust - Full remote - Anglais fluent,"['Python', 'Rust']",Dès que possible,8 mois,400-550 €⁄j,5 à 10 ans d’expérience,Télétravail 100%,"Paris, France"
5,https://www.free-work.com/fr/tech-it/developpeur-java-kotlin-groovy-scala/job-mission/developpeur-front-end-expert-angular-casabalanca-100-remote,Offre d'emploi,Développeur Java Sénior | Casabalanca 100% Remote,['Java'],Dès que possible,2 ans,"19k-60k €⁄an, 100-300 €⁄j",5 à 10 ans d’expérience,Télétravail 100%,France
6,https://www.free-work.com/fr/tech-it/business-analyst/job-mission/digital-business-solution-analyst,Mission freelance,Digital business Solution analyst,['Business Analysis'],Dès que possible,12 mois,400-790 €⁄j,5 à 10 ans d’expérience,Télétravail 100%,"Lille, Hauts-de-France"
7,https://www.free-work.com/fr/tech-it/community-manager-social-media-manager/job-mission/engineering-manager-40,Offre d'emploi,Engineering Manager,['Microservices'],Dès que possible,None,None,> 10 ans d’expérience,Télétravail 100%,"Provence-Alpes-Côte d'Azur, France"
8,https://www.free-work.com/fr/tech-it/architecte-de-base-de-donnees/job-mission/architecte-principal-iam-h-f,Mission freelance,Architecte Principal IAM (H/F),"['AWS Cloud', 'IAM']",Dès que possible,2 ans,400-600 €⁄j,5 à 10 ans d’expérience,Télétravail 100%,France
9,https://www.free-work.com/fr/tech-it/autre/job-mission/deviens-auteur-limpresison-3d-avec-sketchup-1,Mission freelance,DEVIENS #AUTEUR L'impresison 3D avec SketchUp,"['CAO', 'Impression 3D', 'SketchUp']",Dès que possible,8 mois,100-300 €⁄j,2 à 5 ans d’expérience,Télétravail 100%,"Saint-Herblain, Pays de la Loire"
10,https://www.free-work.com/fr/tech-it/developpeur-front-end-javascript-node-react-angular-vue/job-mission/backend-engineer-node,Mission freelance,Backend Engineer (Node),[],Dès que possible,6 mois,300-450 €⁄j,< 2 ans d’expérience,Télétravail 100%,"Grand Est, France"
11,https://www.free-work.com/fr/tech-it/autre/job-mission/deviens-auteur-les-tests-dintrusion-pentest-2,Mission freelance,DEVIENS #AUTEUR Les tests d'intrusion - Pentest,"['Cybersécurité', 'Pentesting']",Dès que possible,8 mois,100-300 €⁄j,2 à 5 ans d’expérience,Télétravail 100%,"Saint-Herblain, Pays de la Loire"
12,https://www.free-work.com/fr/tech-it/developpeur-autre-langage-cobol-perl-vba-ruby-shell/job-mission/lead-developpeur-c-h-f-teletravail,Mission freelance,Lead Développeur C# (H/F) - Télétravail,"['.NET', 'DevOps']",Dès que possible,12 mois,300-400 €⁄j,5 à 10 ans d’expérience,Télétravail 100%,"Toulouse, Occitanie"
13,https://www.free-work.com/fr/tech-it/autre/job-mission/senior-integration-architect-1,Mission freelance,Senior integration Architect,"['Architecture', 'SAP']",Dès que possible,12 mois,None,> 10 ans d’expérience,Télétravail 100%,"Paris, France"
14,https://www.free-work.com/fr/tech-it/administrateur-de-base-de-donnee-oracle-sybase/job-mission/dba-de-production-oracle-h-f,Offre d'emploi,DBA DE PRODUCTION ORACLE - H/F,"['MySQL', 'Oracle']",Dès que possible,None,None,5 à 10 ans d’expérience,Télétravail 100%,"Bagneux, Île-de-France"
15,https://www.free-work.com/fr/tech-it/ingenieur-devops-cloud/job-mission/infra-devops-full-remote-part-time-2-ou-3-j-semaine,Mission freelance,Infra DEVOPS - Full Remote -  (Part-time -> 2 ou 3 j / semaine),"['.NET', 'C/C++', 'Java']",Dès que possible,12 mois,None,5 à 10 ans d’expérience,Télétravail 100%,"Gémenos, Provence-Alpes-Côte d'Azur"
16,https://www.free-work.com/fr/tech-it/developpeur-net/job-mission/developpeur-net-avalonia,Mission freelance,Développeur .Net / Avalonia,"['.NET', '.NET CORE', 'API', 'Windows Presentation Foundation (WPF)', 'XAML']",Dès que possible,3 mois,400-550 €⁄j,5 à 10 ans d’expérience,Télétravail 100%,"Île-de-France, France"
17,https://www.free-work.com/fr/tech-it/community-manager-social-media-manager/job-mission/security-manager-h-f-11,Mission freelance,Security Manager (H/F),"['Endpoint detection and response (EDR)', 'Security Information Event Management (SIEM)']",Dès que possible,1 an,400-550 €⁄j,5 à 10 ans d’expérience,Télétravail 100%,"Aix-en-Provence, Provence-Alpes-Côte d'Azur"
18,https://www.free-work.com/fr/tech-it/directeur-des-systemes-dinformation-dsi/job-mission/ingenieur-automatisation-des-tests-39,Mission freelance,Ingénieur automatisation des tests,['Automatisation'],Dès que possible,24 mois,200-400 €⁄j,5 à 10 ans d’expérience,Télétravail 100%,"Paris, France"
19,https://www.free-work.com/fr/tech-it/expert-seo-consultant-referencement/job-mission/expert-casb,Mission freelance,Expert CASB,"['Application web', 'Proxy']",13/04/2025,6 mois,600-750 €⁄j,5 à 10 ans d’expérience,Télétravail 100%,"Paris, France"
20,https://www.free-work.com/fr/tech-it/consultant-erp-ms-dynamics-oracle-sage-sap/job-mission/consultant-sap-abap-s-4-pi-po-scpi-100-remote-4,Mission freelance,Consultant SAP ABAP S/4 PI/PO SCPI 100% Remote,['SAP'],Dès que possible,6 mois,350-400 €⁄j,5 à 10 ans d’expérience,Télétravail 100%,"Montpellier, Occitanie"
21,https://www.free-work.com/fr/tech-it/developpeur-python/job-mission/data-engineer-dev-palantir-skywise-python,Offre d'emploi,Data Engineer Dev Palantir Skywise & Python,['Python'],Dès que possible,24 mois,"30k-35k €⁄an, 215-350 €⁄j",2 à 5 ans d’expérience,Télétravail 100%,"Marignane, Provence-Alpes-Côte d'Azur"
22,https://www.free-work.com/fr/tech-it/community-manager-social-media-manager/job-mission/security-manager-19,Mission freelance,SECURITY MANAGER,"['Endpoint detection and response (EDR)', 'QRadar']",Dès que possible,6 mois,510-600 €⁄j,5 à 10 ans d’expérience,Télétravail 100%,"Toulouse, Occitanie"
23,https://www.free-work.com/fr/tech-it/developpeur-mobile-android/job-mission/developpeur-windev-mobile-2,Offre d'emploi,Développeur windev mobile,['WINDEV Mobile'],Dès que possible,3 mois,46k €⁄an,5 à 10 ans d’expérience,Télétravail 100%,"Nice, Provence-Alpes-Côte d'Azur"
24,https://www.free-work.com/fr/tech-it/ingenieur-devops-cloud/job-mission/platform-engineer-devops-fintech-remote-h-f,Mission freelance,Platform Engineer (DevOps) - Fintech - Remote (H/F),['DevOps'],Dès que possible,6 mois,450-500 €⁄j,2 à 5 ans d’expérience,Télétravail 100%,"Paris, France"
25,https://www.free-work.com/fr/tech-it/developpeur-php-symfony-laravel-drupal/job-mission/developpeur-back-end-php-laravel-f-h-1,Offre d'emploi,Développeur Back-End PHP / Laravel (F/H),"['Laravel', 'PHP']",Dès que possible,6 mois,"40k-45k €⁄an, 450-500 €⁄j",> 10 ans d’expérience,Télétravail 100%,"Strasbourg, Grand Est"
26,https://www.free-work.com/fr/tech-it/data-analyst/job-mission/product-manager-data-ia-pricing-teletravail-hybride-1,Offre d'emploi,Data Analyst Retail | Casabalanca 100% Télétravail,['Microsoft SQL Server'],Dès que possible,2 ans,"40k-45k €⁄an, 260-300 €⁄j",5 à 10 ans d’expérience,Télétravail 100%,France
27,https://www.free-work.com/fr/tech-it/developpeur-integrateur-dapplication-erp-crm-dynamics-oracle-salesforce-sap-sage-sharepoint-sybase/job-mission/developpeur-crm-h-f-2,Offre d'emploi,DEVELOPPEUR CRM H/F,['Siebel'],Dès que possible,6 mois,39k-45k €⁄an,2 à 5 ans d’expérience,Télétravail 100%,"Rennes, Bretagne"
28,https://www.free-work.com/fr/tech-it/developpeur-integrateur-dapplication-erp-crm-dynamics-oracle-salesforce-sap-sage-sharepoint-sybase/job-mission/developpeur-crm-h-f-1,Offre d'emploi,DEVELOPPEUR CRM H/F,['Siebel'],Dès que possible,6 mois,39k-45k €⁄an,2 à 5 ans d’expérience,Télétravail 100%,"Lyon, Auvergne-Rhône-Alpes"
29,https://www.free-work.com/fr/tech-it/administrateur-systeme-linux/job-mission/deviens-auteur-1,Mission freelance,DEVIENS #AUTEUR Kali Linux,"['Cybersécurité', 'Kali Linux', 'Pentesting']",Dès que possible,8 mois,100-300 €⁄j,2 à 5 ans d’expérience,Télétravail 100%,"Saint-Herblain, Pays de la Loire"
30,https://www.free-work.com/fr/tech-it/developpeur-mobile-android/job-mission/developpeur-windev-mobile-1,Mission freelance,Développeur Windev Mobile,['WINDEV Mobile'],Dès que possible,3 mois,350-550 €⁄j,5 à 10 ans d’expérience,Télétravail 100%,"Châteauroux, Centre-Val de Loire"
31,https://www.free-work.com/fr/tech-it/administrateur-applicatif-erp-crm-sirh/job-mission/un-administrateur-pour-la-solution-erp-vif,Mission freelance,Un Administrateur pour la solution ERP VIF,['ERP'],Dès que possible,149 jours,None,5 à 10 ans d’expérience,Télétravail 100%,"Paris, France"
32,https://www.free-work.com/fr/tech-it/developpeur-integrateur-dapplication-erp-crm-dynamics-oracle-salesforce-sap-sage-sharepoint-sybase/job-mission/developpeur-api-sitetracker-salesforce-1,Mission freelance,Développeur API Sitetracker & Salesforce,"['Salesforce Sales Cloud', 'Talend']",Dès que possible,6 mois,300-400 €⁄j,5 à 10 ans d’expérience,Télétravail 100%,"Paris, France"
33,https://www.free-work.com/fr/tech-it/expert-seo-consultant-referencement/job-mission/expert-google-discover-h-f,Mission freelance,Expert Google Discover (H/F),['Google Analytics'],Dès que possible,6 mois,600-750 €⁄j,> 10 ans d’expérience,Télétravail 100%,"Paris, France"
34,https://www.free-work.com/fr/tech-it/administrateur-de-base-de-donnee-oracle-sybase/job-mission/administrateur-zendesj,Mission freelance,Administrateur Zendesj,['Zendesk'],Dès que possible,12 mois,350 €⁄j,2 à 5 ans d’expérience,Télétravail 100%,"Bordeaux, Nouvelle-Aquitaine"
35,https://www.free-work.com/fr/tech-it/consultant-erp-ms-dynamics-oracle-sage-sap/job-mission/consultant-e-sap-sd-mm-le-1,Mission freelance,Consultant(e) SAP SD/MM/LE,['SAP'],Dès que possible,12 mois,600-680 €⁄j,5 à 10 ans d’expérience,Télétravail 100%,Suisse
36,https://www.free-work.com/fr/tech-it/consultant-fonctionnel/job-mission/consultant-fonctionnel-ifs-finance,Mission freelance,Consultant Fonctionnel IFS Finance,['Finance'],Dès que possible,3 mois,300-640 €⁄j,2 à 5 ans d’expérience,Télétravail 100%,"Issy-les-Moulineaux, Île-de-France"
37,https://www.free-work.com/fr/tech-it/business-analyst/job-mission/developpeur-ms-dynamics-business-central-remote-cdi,Offre d'emploi,Développeur MS Dynamics Business Central - Remote - CDI,[],Dès que possible,None,45k-60k €⁄an,2 à 5 ans d’expérience,Télétravail 100%,"Valmascle, Occitanie"
38,https://www.free-work.com/fr/tech-it/expert-seo-consultant-referencement/job-mission/expert-finops-15,Offre d'emploi,Expert FinOps,['Cloud'],Dès que possible,12 mois,"40k-45k €⁄an, 600-700 €⁄j",5 à 10 ans d’expérience,Télétravail 100%,"Lille, Hauts-de-France"
39,https://www.free-work.com/fr/tech-it/directeur-des-systemes-dinformation-dsi/job-mission/testeur-qa-monetique-sur-les-outils-de-fabrication-des-cartes,Offre d'emploi,Testeur QA Monétique (sur les outils de fabrication des cartes),"['SQL', 'Test unitaire']",Dès que possible,3 ans,"40k-48k €⁄an, 260-420 €⁄j",5 à 10 ans d’expérience,Télétravail 100%,"Paris, France"
40,https://www.free-work.com/fr/tech-it/consultant-erp-ms-dynamics-oracle-sage-sap/job-mission/60773-expert-sap-bpc-pour-microsoft-freelance-493,Mission freelance,60773 : Expert SAP BPC pour Microsoft - Freelance - 493,[],21/03/2025,3 mois,490-509 €⁄j,5 à 10 ans d’expérience,Télétravail 100%,"Saint-Herblain, Pays de la Loire"
41,https://www.free-work.com/fr/tech-it/developpeur-integrateur-dapplication-erp-crm-dynamics-oracle-salesforce-sap-sage-sharepoint-sybase/job-mission/developpeur-salesforce-full-remote-2,Mission freelance,Développeur Salesforce Full-remote,"['Javascript', 'Salesforce Sales Cloud']",26/04/2025,3 ans,440-480 €⁄j,5 à 10 ans d’expérience,Télétravail 100%,"Paris, France"
42,https://www.free-work.com/fr/tech-it/expert-seo-consultant-referencement/job-mission/expert-truenas-full-tt-h-f,Mission freelance,EXPERT TRUENAS FULL TT  H/F,"['NAS', 'NAS Synology']",Dès que possible,7 mois,400-670 €⁄j,> 10 ans d’expérience,Télétravail 100%,"Montreuil, Île-de-France"
43,https://www.free-work.com/fr/tech-it/consultant/job-mission/consultant-apache-superset-13,Mission freelance,CONSULTANT APACHE SUPERSET,['Apache'],Dès que possible,24 mois,250-500 €⁄j,5 à 10 ans d’expérience,Télétravail 100%,"Paris, Île-de-France"
44,https://www.free-work.com/fr/tech-it/data-engineer/job-mission/network-security-engineer-fortinet-remote-in-france-h-f,Mission freelance,Network Security Engineer – Fortinet – Remote in France (h/f),[],06/04/2025,3 mois,550-650 €⁄j,5 à 10 ans d’expérience,Télétravail 100%,"Paris, Île-de-France"
45,https://www.free-work.com/fr/tech-it/data-engineer/job-mission/endpoint-security-proxy-service-owner-architect-engineer-edr-intune-tanium-remote-working-h-f,Mission freelance,"Endpoint Security proxy-Service Owner; Architect; Engineer, EDR, Intune, Tanium - Remote working (h/f)",[],24/03/2025,3 mois,450-550 €⁄j,5 à 10 ans d’expérience,Télétravail 100%,"Paris, Île-de-France"
46,https://www.free-work.com/fr/tech-it/ingenieur-devops-cloud/job-mission/ingenieur-devops-aws-94,Mission freelance,Ingénieur Devops AWS,"['AWS Cloud', 'Kubernetes', 'PostgreSQL', 'Terraform']",Dès que possible,3 mois,330-350 €⁄j,5 à 10 ans d’expérience,Télétravail 100%,"Toulouse, France"
47,https://www.free-work.com/fr/tech-it/consultant/job-mission/consultant-fonctionnel-d365-lead-and-consultant,Mission freelance,consultant fonctionnel D365 CRM/Sales (Lead and consultant),"['Microsoft Dynamics', 'Migration']",Dès que possible,7 mois,700-810 €⁄j,5 à 10 ans d’expérience,Télétravail 100%,"Paris, France"
48,https://www.free-work.com/fr/tech-it/consultant/job-mission/consultant-technique-d365,Mission freelance,consultant technique D365 CRM/Sales,"['Microsoft Dynamics', 'Migration']",Dès que possible,7 mois,600-700 €⁄j,5 à 10 ans d’expérience,Télétravail 100%,"Paris, France"
49,https://www.free-work.com/fr/tech-it/ingenieur-devops-cloud/job-mission/senior-salesforce-marketing-cloud-front-end-developer,Mission freelance,Senior Salesforce Marketing Cloud Front-end Developer,['Front-end'],Dès que possible,6 mois,None,5 à 10 ans d’expérience,Télétravail 100%,France
50,https://www.free-work.com/fr/tech-it/product-owner/job-mission/product-ux-design-accessiblite-reconnaissance-rqth-h-f,Offre d'emploi,product ux design accessiblité (reconnaissance RQTH) H/F,['UX design'],Dès que possible,6 mois,"40k-45k €⁄an, 400-550 €⁄j",2 à 5 ans d’expérience,Télétravail 100%,"Lille, Hauts-de-France"
51,https://www.free-work.com/fr/tech-it/data-engineer/job-mission/data-engineer-confirme-3-a-7-ans-dexperience,Offre d'emploi,Data Engineer confirmé (3 à 7 ans d’expérience),"['Apache Spark', 'Java', 'Scala']",30/03/2025,12 mois,"10k-30k €⁄an, 200-400 €⁄j",5 à 10 ans d’expérience,Télétravail 100%,"Casablanca, Casablanca-Settat, Maroc"
52,https://www.free-work.com/fr/tech-it/autre/job-mission/wms-manhattan-remote-barcelona,Mission freelance,WMS Manhattan - Remote + Barcelona,['WMS (Warehouse Management System)'],Dès que possible,12 mois,650-750 €⁄j,5 à 10 ans d’expérience,Télétravail 100%,"Barcelone, Catalogne, Espagne"
53,https://www.free-work.com/fr/tech-it/ingenieur-devops-cloud/job-mission/cloud-analyst-azure-aws-finops-8,Mission freelance,CLOUD analyst - Azure AWS Finops,"['Azure', 'Cloud']",Dès que possible,24 mois,450-900 €⁄j,> 10 ans d’expérience,Télétravail 100%,"Paris, Île-de-France"
54,https://www.free-work.com/fr/tech-it/lead-developer/job-mission/tech-lead-consultant-celonis-ems-h-f,Mission freelance,Tech lead consultant Celonis EMS (h/f),[],05/05/2025,6 mois,400-500 €⁄j,2 à 5 ans d’expérience,Télétravail 100%,"Lyon, Auvergne-Rhône-Alpes"
55,https://www.free-work.com/fr/tech-it/ingenieur-devops-cloud/job-mission/ingenieur-devops-1200,Offre d'emploi,Ingénieur DevOps,"['Agile Scrum', 'Apache Kafka', 'Bash', 'BigQuery', 'CI/CD', 'ELK', 'Gitlab', 'Grafana', 'Jenkins', 'Kubernetes', 'Prometheus', 'Python', 'Sprint Planning', 'Terraform']",Dès que possible,12 mois,"10k-30k €⁄an, 100-300 €⁄j",5 à 10 ans d’expérience,Télétravail 100%,Maroc
56,https://www.free-work.com/fr/tech-it/expert-seo-consultant-referencement/job-mission/expert-iam-senior,Offre d'emploi,Expert IAM Senior,"['Cybersécurité', 'IAM', 'SOC (Security Operation Center)']",Dès que possible,6 mois,"40k-45k €⁄an, 400-550 €⁄j",5 à 10 ans d’expérience,Télétravail 100%,"Toulouse, Occitanie"
57,https://www.free-work.com/fr/tech-it/consultant-erp-ms-dynamics-oracle-sage-sap/job-mission/expert-sap-basis-4,Mission freelance,Expert SAP Basis,"['AIX (Advanced Interactive eXecutive)', 'SAP']",Dès que possible,1 mois,400-450 €⁄j,5 à 10 ans d’expérience,Télétravail 100%,"Paris, France"
58,https://www.free-work.com/fr/tech-it/auditeur/job-mission/keycloak-auditeur,Mission freelance,Keycloak auditeur,['Keycloak'],Dès que possible,10 jours,280-780 €⁄j,5 à 10 ans d’expérience,Télétravail 100%,"Paris, France"
59,https://www.free-work.com/fr/tech-it/developpeur-java-kotlin-groovy-scala/job-mission/offshoring-maroc-angular-java,Mission freelance,Offshoring - Angular / Java - 1h max de décalage avec Paris,"['Angular', 'Java']",Dès que possible,3 ans,100-230 €⁄j,5 à 10 ans d’expérience,Télétravail 100%,"Paris, France"
60,https://www.free-work.com/fr/tech-it/administrateur-systeme-windows/job-mission/deviens-auteur-services-de-virtualisation-de-windows-server,Mission freelance,DEVIENS #AUTEUR Services de virtualisation de Windows Server,"['Hyper-v', 'Virtualisation', 'Windows Server']",Dès que possible,8 mois,100-300 €⁄j,2 à 5 ans d’expérience,Télétravail 100%,"Saint-Herblain, Pays de la Loire"
61,https://www.free-work.com/fr/tech-it/consultant-erp-ms-dynamics-oracle-sage-sap/job-mission/consultant-sap-ish,Mission freelance,Consultant SAP ISH,['SAP'],Dès que possible,5 jours,None,5 à 10 ans d’expérience,Télétravail 100%,"Lyon, Auvergne-Rhône-Alpes"
62,https://www.free-work.com/fr/tech-it/business-analyst/job-mission/business-analyst-sap-ibp-pp,Mission freelance,Business analyst SAP IBP / PP,['SAP'],Dès que possible,1 an,590-710 €⁄j,5 à 10 ans d’expérience,Télétravail 100%,"Nantes, Pays de la Loire"
63,https://www.free-work.com/fr/tech-it/consultant-erp-ms-dynamics-oracle-sage-sap/job-mission/expert-sap-bpc-pour-microsoft,Mission freelance,expert SAP BPC pour MICROSOFT,"['microsoft', 'SAP']",Dès que possible,3 mois,380-500 €⁄j,5 à 10 ans d’expérience,Télétravail 100%,"Paris, France"
